{
  "Total" : {
    "transaction" : "Total",
    "sampleCount" : 1437189,
    "errorCount" : 441128,
    "errorPct" : 30.693806,
    "meanResTime" : 8.244891938360157,
    "medianResTime" : 2.0,
    "minResTime" : 0.0,
    "maxResTime" : 171.0,
    "pct1ResTime" : 25.0,
    "pct2ResTime" : 26.0,
    "pct3ResTime" : 26.0,
    "throughput" : 29267.07530647986,
    "receivedKBytesPerSec" : 47460.61704367847,
    "sentKBytesPerSec" : 2516.3099221900075
  },
  "HTTP Request" : {
    "transaction" : "HTTP Request",
    "sampleCount" : 1437189,
    "errorCount" : 441128,
    "errorPct" : 30.693806,
    "meanResTime" : 8.244891938360157,
    "medianResTime" : 2.0,
    "minResTime" : 0.0,
    "maxResTime" : 171.0,
    "pct1ResTime" : 25.0,
    "pct2ResTime" : 26.0,
    "pct3ResTime" : 26.0,
    "throughput" : 29267.07530647986,
    "receivedKBytesPerSec" : 47460.61704367847,
    "sentKBytesPerSec" : 2516.3099221900075
  }
}