{
  "Total" : {
    "transaction" : "Total",
    "sampleCount" : 2370562,
    "errorCount" : 267358,
    "errorPct" : 11.278254,
    "meanResTime" : 9.476440607754935,
    "medianResTime" : 8.0,
    "minResTime" : 0.0,
    "maxResTime" : 195.0,
    "pct1ResTime" : 25.0,
    "pct2ResTime" : 26.0,
    "pct3ResTime" : 31.0,
    "throughput" : 47081.66832174776,
    "receivedKBytesPerSec" : 64913.05878382572,
    "sentKBytesPerSec" : 5216.713978711519
  },
  "HTTP Request" : {
    "transaction" : "HTTP Request",
    "sampleCount" : 2370562,
    "errorCount" : 267358,
    "errorPct" : 11.278254,
    "meanResTime" : 9.476440607754935,
    "medianResTime" : 8.0,
    "minResTime" : 0.0,
    "maxResTime" : 195.0,
    "pct1ResTime" : 25.0,
    "pct2ResTime" : 26.0,
    "pct3ResTime" : 31.0,
    "throughput" : 47081.66832174776,
    "receivedKBytesPerSec" : 64913.05878382572,
    "sentKBytesPerSec" : 5216.713978711519
  }
}