{
  "Total" : {
    "transaction" : "Total",
    "sampleCount" : 2374809,
    "errorCount" : 694,
    "errorPct" : 0.029223403,
    "meanResTime" : 1.0519978659335398,
    "medianResTime" : 1.0,
    "minResTime" : 0.0,
    "maxResTime" : 58.0,
    "pct1ResTime" : 2.0,
    "pct2ResTime" : 3.0,
    "pct3ResTime" : 4.0,
    "throughput" : 42863.49361056963,
    "receivedKBytesPerSec" : 53678.83819873114,
    "sentKBytesPerSec" : 5314.651878136055
  },
  "HTTP Request" : {
    "transaction" : "HTTP Request",
    "sampleCount" : 2374809,
    "errorCount" : 694,
    "errorPct" : 0.029223403,
    "meanResTime" : 1.0519978659335398,
    "medianResTime" : 1.0,
    "minResTime" : 0.0,
    "maxResTime" : 58.0,
    "pct1ResTime" : 2.0,
    "pct2ResTime" : 3.0,
    "pct3ResTime" : 4.0,
    "throughput" : 42863.49361056963,
    "receivedKBytesPerSec" : 53678.83819873114,
    "sentKBytesPerSec" : 5314.651878136055
  }
}