{
  "Total" : {
    "transaction" : "Total",
    "sampleCount" : 1135535,
    "errorCount" : 2219,
    "errorPct" : 0.1954145,
    "meanResTime" : 1.8019162773494661,
    "medianResTime" : 2.0,
    "minResTime" : 0.0,
    "maxResTime" : 54.0,
    "pct1ResTime" : 2.0,
    "pct2ResTime" : 3.0,
    "pct3ResTime" : 4.0,
    "throughput" : 26479.84049623394,
    "receivedKBytesPerSec" : 33215.688822821685,
    "sentKBytesPerSec" : 3277.7697137050227
  },
  "HTTP Request" : {
    "transaction" : "HTTP Request",
    "sampleCount" : 1135535,
    "errorCount" : 2219,
    "errorPct" : 0.1954145,
    "meanResTime" : 1.8019162773494661,
    "medianResTime" : 2.0,
    "minResTime" : 0.0,
    "maxResTime" : 54.0,
    "pct1ResTime" : 2.0,
    "pct2ResTime" : 3.0,
    "pct3ResTime" : 4.0,
    "throughput" : 26479.84049623394,
    "receivedKBytesPerSec" : 33215.688822821685,
    "sentKBytesPerSec" : 3277.7697137050227
  }
}